"数码大冒险",""
"你好","Xin chào"
"退出","Thoát"
"请登录","Mời đăng nhập"
"账号","Tài khoản"
"密码","Mật khẩu"
"登录","Đăng nhập"
"数码大冒险数据平台","Platform"

"基础查询","Tra cơ bản"
"数据图表","Bảng dữ liệu"
"充值","Nạp"
"充值查询","Tra nạp"
"运营数据","Dữ liệu vận hành"
"内网测试","Test nội bộ"
"语言","Ngôn ngữ"

"每日数据查询","Tra dữ liệu mỗi ngày"
"留存查询","Tra retention"
"充值排行","BXH nạp"
"充值详情","Chi tiết nạp"
"充值图表","Bảng nạp"
"今日在线","Online hôm nay"
"流失统计","Thống kê drop"
"聊天监控","Theo dõi chat"
"运营活动","SK vận hành"
"玩家活动","Sk user"
"发送邮件","Gửi thư"
"黑名单","Danh sách đen"
"日志查看","Tra log"
"礼包生成","Tạo giftcode"
"帐号迁移","Di chuyển t.khoản"
"服务器配置","Cài server"
"运营活动配置","Cài sk vận hành"

"分区查询只有付费数据，没有账号数据","Tra theo sv chỉ tra được dữ liệu nạp, không có dữ liệu t.khoản"
"查询","Tra"
"图表","Bảng"
"提交","Gửi"
"设置并全部重启","Cài và restart toàn bộ"
"更改服务器时间","Sửa t.gian server"
"设置并开始运营活动测试","Cài và bắt đầu test sk vận hành"

"服务器名称","Tên server"
"渠道","Kênh"
"日期","T.gian"
"开始日期","T.gian bắt đầu"
"结束日期","T.gian kết thúc"
"账号ID","ID t.khoản"
"角色ID","ID n.vật"
"名字","Tên vai trò"
"渠道ID","ID kênh"
"渠道帐号","T.khoản kênh"
"渠道订单号","ID đơn hàng kênh"
"辅助信息","Thông tin bổ trợ"
"邮件模板","Modul thư"
"邮件类型","Loại thư"
"邮件收件人","Người nhận"
"邮件内容","Nội dung thư"
"邮件附件","Đính kèm"
"邮件发送者","Người gửi"
"邮件标题","Tiêu đề thư"
"消息类型","Loại thông tin"
"消息参数","Tham số thông tin"
"消息间隔","Khoảng cách thông tin"
"消息内容","Nộ dung thông tin"
"礼包模板","Modul quà"
"礼包配置","Cài đặt quà"
"生成数量","Số lượng tạo"
"服务器列表","Ds server"
"工会ID","ID bang"
"工会名称","Tên bang"
"工会等级","Cấp bang"
"工会经验值","EXP bang"
"工会人数","Số người bang"
"工会战斗力","Chiến lực bang"
"显示全部","Hiển thị toàn bộ"
"更新数据","Update dữ liệu"
"1区开服日期","T.gian mở server 1"
"2区开服日期","T.gian mở server 2"
"繁体3区开服日期","T.gian mở server 3 phồn thể"
"4区开服日期","T.gian mở server 4"
"英文5区开服日期","T.gian mở server 5 EN"
"服务器当前日期","T.gian server hiện tại"
"测试天数","Số ngày test"
"查询类型","Loại tra"
"交互接口","Port thay đổi"
"新账号ID","ID t.khoản mới"

"老账号","T.khoản cũ"
"新账号","T.khoản mới"
"删除、添加","Xóa; thêm"
"删除","Xóa"
"帐号","Tài khoản"
"迁移失败","Di chuyển thất bại"
"全部迁移成功","Di chuyển toàn bộ thành công"
"新增一行","Thêm 1 hàng"

"公告","Thông báo"
"查看有效活动","Tra sk có hiệu lực"
"查看全部活动","Tra toàn bộ sk"
"重置配置","Cài đặt reset"
"保存","Lưu"
"配置","Cài"
"为全服配置","Cài cho all server"
"重置","Reset"
"公告内容成功","Nội dung thông báo thành công"
"您没有改变公告文字","Bạn chưa sửa nội dung"
"修改","Sửa"
"公告成功","Thông báo thành công"
"全服修改公告成功","Sửa thông báo all server thành công"

"封号取消","Hủy khóa t.khoản"
"禁言取消","Hủy cấm chat"
"封 号","Khóa t.khoản"
"禁 言","Cấm chat"

"每日数据","Dữ liệu hàng ngày"

"第一种类型的POST查找，以下三个参数至少选择一个","Tìm POST loại 1, phải trong 1 trong 3 loại"
"还有呢？","Còn không?"
"好的","Được"
"我知道了!","OK!"

"在线玩家","User online"
"在线人数","Số người online"

"玩家的详细信息","Thông tin chi tiết user"
"关闭","Đóng"
"封号","Khóa t.khoản"
"禁言","Cấm chat"
"工会详细信息","T.tin chi tiết bang"
"查看玩家","Tra user"
"玩家邮箱","Thư user"
"竞技场排行榜","BXH Đấu Trường"
"战斗力排行榜","BXH Chiến Lực"
"星级排行榜","BXH Cấp Sao"
"训兽排行榜","BXH Luyện Thú"
"试炼排行榜","BXH Thí Luyện"
"工会排行榜","BXH Bang"

"累计激活","Tích lũy kích hoạt"
"累计注册账户","Tích lũy t.khoản đăng nhập"
"累计付费账户","Tích lũy t.khoản trả phí"
"累计收入","Tích lũy thu nhập"
"设备","Thiết bị"
"账户","T.khoản"

"充值图","Bảng nạp"
"充值额","Số tiền nạp"

"确定吗？","Quyết định?"
"取消","Hủy"
"确定","OK"
"发送","Gửi"
"发送失败","Gửi thất bại"
"恭喜","Chúc mừng"
"发送成功","Gửi thành công"
"份邮件发送成功","Gửi thư thành công"
"份邮件发送失败","Gửi thư thành công"
"失败ID是：","ID thất bại là:"
"请输入ID","Mời nhập ID"
"真！全服玩家邮件","Thư all server"
"真！全局玩家邮件","Thư toàn bộ user"
"全服指定vip邮件","Thư VIP chỉ định all server"
"玩家邮件","Thư user"
"单服玩家邮件","Thư user 1 server"
"单服全局邮件","Thư toàn bộ user trong 1 server"
"工会邮件","Thư bang"
"新玩家邮件","Thư user mới"
"指定VIP邮件","Thư VIP chỉ định"
"开发中-指定VIP邮件","Đang phát triển-Thư VIP chỉ định"
"查询角色","Tra nhân vật"
"至","Đến"
"你要发送的是","Bạn cần gửi là"

"交互接口","Port thay đổi"
"活动ID","ID s.kiện"
"邮件ID","ID thư"
"角色状态","Trạng thái n.vật"
"前","Trước"
"后","Sau"
"开始日期时间","Ngày bắt đầu và thời gian"
"结束日期时间","Ngày kết thúc và thời gian"

"请求类","Loại yêu cầu"
"获得类","Loại nhận được"
"邮件类","Loại thư"
"消耗类","Loại tiêu hao"
"限时活动类","Loại s.kiện thời hạn"
"非请求类","Không phải loại yêu cầu"
"显示运营活动名称","Hiển thị tên sk vận hành"

"成功","Thành công"
"生成","Tạo"
"断网了吗","Lỗi mạng"
"默认为空，即全服。指定服务器用;分隔，如game01;game02","Mặc định trống là all server. Server chỉ định dùng ; phân cách, VD game01;game02"
"导出txt文件","Xuất file txt"

"区服","Tên game"
"角色ID","ID nhân vật"
"角色名","Tên nhân vật"
"等级","Cấp nhân vật"
"VIP","VIP, nhân vật/người chơi VIP"
"类型","Loại"
"聊天内容","tin nhắn"
"时间","thời gian"
"封号、禁言","cấm"
"账号ID","ID tài khoản "
"VIP","Cấp VIP, VIP"
"金币","Vàng"
"钻石","Kim cương"
"充值次数","Số lượng nạp"
"体力","Năng lượng"
"创建时间","Thời gian tạo.."
"最近操作时间","Thời gian cuối cùng"
"渠道账号","Tên tài khoản"
"VIP","VIP"
"封号","Vô hiệu quá"
"禁言","Khóa chat"
"金币","vàng"
"钻石","Kim cương"
"QQ托管钻石","QQ quản lý Kim cương"
"QQ充值总额",""
"充值次数","Nạp tiền"
"充值总额","Tổng thanh toán"
"钻石消耗","tiêu thụ kim cương"
"竞技场币","Tiêền tệ trong đấu trường"
"远征币",""
"公会币",""
"合金精华",""
"探索币",""
"跨服矿战币",""
"公会ID","ID quân đoàn"
"最高塔层","Tháp cao nhất????"
"卡牌数排行","xếp hạng thẻ"
"战力排行","đấu hạng"
"星级排行","Xếp hạng sao"
"单卡战斗力排行",""
"竞技场排行","xếp hạng đấu trường"
"成就排行","thành tựu"
"星座排行",""
"体力","thể lực"
"创建时间",""
"最近操作时间",""
"在线",""
"所有区服",""
"天赋点",""
"技能点","điểm kĩ năng"
"先手值",""
"成就先手值",""
"觉醒碎片",""
"卡牌数","thẻ"
"道具数","vật phẩm"
"碎片数","mảnh"
"皮肤",""
"卡牌进阶次数",""
"卡牌升星次数",""
"已领取礼包","quà"
"新手引导","hướng dẫn tân thủ"
"加入公会时间",""
"退出公会时间",""
"最近公会操作时间",""
"天赋树","cây thần"
"神器",""
"邮件ID","Mail ID"
"标题","chủ đề"
"发送时间","thời gian gửi"
"发件人","người gửi"
"内容","nội dung"
"附件","đính kèm"
"是否已读","đã đọc"
"总贡献值","tổng giá trị đóng góp"
"当日贡献","Đóng góp ngày"
"加入类型",""
"加入等级限制","Tham gia - cấp độ"
"ID",""
"活动图标",""
"活动分类",""
"活动按钮角标",""
"是否独立icon","độc lập"
"type",""
"名称",""
"名称2",""
"活动简介",""
"繁体活动简介",""
"英文活动简介",""
"activityDesc活动右侧的说明",""
"活动右侧的说明",""
"繁体活动右侧的说明",""
"英文活动右侧的说明",""
"活动右边子面板标题图",""
"活动开放日期简介",""
"显示类型",""
"客户端参数","Tham số"
"空白",""
"开放周期",""
"活动版本ID",""
"计数类型",""
"开启类型",""
"开始日期","Ngày bắt đầu"
"开始时间","Thời gian bắt đầu"
"截止日期","Ngày hết hạn"
"截止时间","Thời gian kết thúc/ Hạn cuối"
"周期开启序列","Mở thời lượng"
"周期开启序列","Chu trình mở"
"持续小时","Thời gian mở"
"持续的相对天数","Phạm vi liên quan"
"最低等级限制","Cấp độ ít nhất"
"最低VIP限制","Cấp độ VIP ít nhất"
"生效的开服时间区间","Thời gian hiệu quả để mở khoảng thời gian phục vụ"
"开服时间限制","Giới hạn thời gian mở"
"创角时间限制","giới hạn nhân vật"
"服务器","máy chủ"
"语言区域","Ngôn ngữ"
"是否激活","kích hoạt"
"说明","Giải thích"
"排序值","Sắp xếp giá trị"
"提示性红点","Dấu chấm đỏ gợi ý"
"程序","chương trình"
"行为","hành động/hành vi"
"新增","đã thêm"
"三天内未登录","Ba ngày không đăng nhập"
"五天内未登录","5 ngày không đăng nhập"
"1日总付费"," tổng số thanh toán trong 1 ngày"
"1日LTV","1 ngày LTV"
"7日总付费"," tổng số thanh toán trong 7 ngày"
"7日LTV","7 ngày LTV"
"14日总付费","Tổng số tiền thanh toán 14 ngày"
"14日LTV","14 ngày LTV"
"30日总付费","Tổng số tiền thanh toán 30 ngày"
"30日LTV","30 ngày LTV"
"60日总付费","Tổng số tiền thanh toán 60 ngày"
"60日LTV","60 ngày LTV"
"90日总付费","Tổng số tiền thanh toán 90 ngày"
"90日LTV","90 ngày LTV"
"排名",""
"战力","Sức mạnh chiến đấu"
"先手值","tốc độ"
"战斗力","chiến đấu"
"关卡星级","Sao cấp"
"工会","Tên quân đoàn"
"卡牌数",""
"塔层","Tháp"
"工会名","Tên bang"
"工会人数","thành viên"
"工会简介","Giới thiệu"
"总贡献值","Tổng đóng góp"
"加入类型",""
"新增账号",""
"登录账号",""
"付费账号",""
"付费总额",""
"付费率",""
"新增付费账号",""
"新增付费总额",""
"新增付费率",""
"首次付费账号","Tài khoản trả trước"
"分渠道","Kênh phụ"
"次留(率)","R2"
"3留(率)","R3"
"4留(率)","R4"
"5留(率)","R5"
"6留(率)","R6"
"7留(率)","R7"
"15留(率)","R15"
"30留(率)","R30"
"60留(率)","R60"
"90留(率)","R90"
"180留(率)","R180"
"创建日期",""
"工会ID","Quân đoàn ID"
"工会名称","Tên QĐ"
"工会等级","Level QĐ"
"当前经验值","kinh nghiệm QĐ"
"工会当前人数","Số lượng thành viên QĐ"
"战斗力","Chiến lực QĐ"
"工会详情","Chi tiết QĐ"
"渠道","Kênh"
"服务器","Máy chủ"
"渠道订单号","Số thứ tự kênh"
"渠道","Kênh"
"充值金额","Số KC nạp"
"充值钻石","KC"
"充值次数","thời gian nạp tiền"
"最近充值时间","Thời gian nạp gần đây"
"子渠道","Kênh phụ"
"充值金额","Số tiền nạp"
"充值钻石","Kim cương"
"充值次数","Số lần nạp"
"最近充值时间","Lần nạp gần đây"
"占总充值比","Tỉ lệ, tỉ lệ nạp tiền"
"最近登陆时间","Lần đăng nhập gần đây, Lần đăng nhập cuối cùng"

"购买经验药水","Mua Thuốc EXP"
"保存布阵阵容","Lưu đội hình"
"保存上阵阵容","Lưu đội hình"
"通用卡牌缩略信息(排行榜等)","Thông tin thẻ thường dùng (BXH)"
"关卡结束","Kết thúc ải"
"装备觉醒碎片兑换","Đổi mảnh thức tỉnh t.bị"
"装备觉醒碎片商店购买","Mua trong Shop mảnh thức tỉnh t.bị"
"装备觉醒碎片商店获取","Nhận trong Shop mảnh thức tỉnh t.bị"
"固定商店购买","Mua trong Shop cố định"
"获取固定商店数据","Dữ liệu nhận trong Shop cố định"
"刷新固定商店","Làm mới Shop"
"领取礼包","Nhận quà"
"保存活动布阵阵容","Lưu đội hình bày trận s.kiện"
"保存活动上阵阵容","Lưu đội hình ra trận s.kiện"
"游戏登陆","Đăng nhập game"
"神秘商店购买","Mua trong Shop Thần Bí"
"神秘商店获得","Nhận trong Shop Thần Bí"
"刷新神秘商店","Làm mới Shop Thần Bí"
"排行榜排名","Xếp hạng"
"通用玩家缩略信息(排行榜等)","Thông tin user thông dụng (BXH)"
"扫荡","Quét"
"关卡战斗开始","Bắt đầu chiến đấu ải"
"游戏同步","Đồng bộ game"
"领取/购买VIP周礼包","Nhận/Mua quà VIP tuần"
"天赋刷新","Làm mới Thiên Phú"
"天赋升级","Nâng cấp Thiên Phú"
"天赋重置","Reset Thiên Phú"
"领取成就奖励","Nhận thưởng thành tích"
"星座购买","Mua chòm sao"
"星座使用","Sử dụng chòm sao"
"万能碎片转换","Đổi mảnh vạn năng"
"一键领取日常任务奖励","Nhận nhanh thưởng n.vụ ngày"
"领取日常任务奖励","Nhận thưởng n.vụ ngày"
"碎片合成","Ghép mảnh"
"出售碎片","Bán mảnh"
"领取关卡星级奖励","Nhận thưởng cấp sao ải"
"使用可选择道具（礼包类）","Sử dụng được nhận đạo cụ (Loại quà)"
"购买重置英雄关卡","Mua reset ải anh hùng"
"出售道具","Bán đạo cụ"
"使用道具","Dùng đạo cụ"
"炼金","Luyện kim"
"领取活跃度阶段奖励","Nhận thưởng giai đoạn sôi nổi"
"一键领取活跃度任务奖励","Nhận nhanh thưởng n.vụ sôi nổi"
"领取活跃度任务奖励","Nhận thưởng n.vụ sôi nổi"
"更换头像","Đổi avatar"
"获取阅读邮件内容","Nhận nội dung thư"
"领取邮件奖励或者已阅读邮件","Nhận thưởng thư hoặc đã đọc thư"
"一键读邮件","Đọc đồng loạt thư"
"领取主线任务奖励","Nhận thưởng n.vụ chính"
"新手引导","Hướng dẫn tân thủ"
"新手引导默默发奖励","Gửi thưởng khi hướng dẫn tân thủ"
"领取在线礼包","Nhận quà online"
"角色溢出经验兑换","Đổi EXP nhân vật"
"角色个性签名","Chữ ký nhân vật"
"充值（内部测试用）","Nạp (Test nội bộ)"
"角色重命名","Domian nhân vật"
"分享","Chia sẻ"
"累积签到领取奖励","Tích lũy đăng nhập nhận thưởng"
"累积签到领取奖励","Tích lũy đăng nhập nhận thưởng"
"购买技能点数","Mua điểm kỹ năng"
"购买体力","Mua thể lực"
"使用体力药水","Dùng Thuốc Thể Lực"
"领取成就奖励","Nhận thưởng thành tựu"
"切换头衔","Đổi danh hiệu"
"领取关卡星级奖励","Nhận thưởng cấp sao ải"
"购买vip礼包","Mua quà VIP"
"卡牌进阶","Tiến bậc thẻ"
"合体","Hợp thể"
"合体数码兽碎片兑换","Đổi mảnh digimon hợp thể"
"购买合体数码兽碎片兑换次数","Mua lượt đổi mảnh digimon hợp thể"
"卡牌进化关卡战斗","Chiến đấu ải tiến bậc thẻ"
"卡牌进化关卡战斗","Chiến đấu ải tiến bậc thẻ"
"卡牌使用经验药水","Thuốc EXP dùng thẻ"
"卡牌使用经验药水","Thuốc EXP dùng thẻ"
"卡牌好感度进阶","Tiến hóa Điểm Thiện Cảm thẻ"
"卡牌好感度使用道具","Sử dụng đạo cụ độ thiện cảm thẻ"
"好感一键最大","Thiện cảm tối đa"
"卡牌斗魂用钻石升级","Dùng KC nâng cấp đấu hồn thẻ"
"卡牌斗魂升级","Nâng cấp đấu hồn thẻ"
"卡牌基因升级","Nâng cấp mã gen thẻ"
"卡牌基因技能替换","Đổi kỹ năng mã gen thẻ"
"卡牌基因解锁","Mở khóa mã gen thẻ"
"卡牌重生","Hồi sinh thẻ"
"卡牌技能升级","Nâng cấp kỹ năng thẻ"
"购买皮肤","Mua skin"
"使用皮肤","Dùng skin"
"卡牌升星","Tăng sao thẻ"
"装备升级","Nâng cấp t.bị"
"装备降星","Giảm sao t.bị"
"装备升星","Tăng sao t.bị"
"装备强化","Cường hóa t.bị"
"装配经验强化","Cường hóa EXP t.bị"
"合金进阶","Tiến cấp hợp kim"
"合金熔炼","Luyện hợp kim"
"合金矩阵领奖","Nhận thưởng ma trận hợp kim"
"合金矩阵一键领奖","Nhận thưởng nhanh ma trận hợp kim"
"合金一键放置","Sử dụng nhanh hợp kim"
"合金一键强化","Cường hóa nhanh hợp kim"
"合金一键卸下","Gỡ nhanh hợp kim"
"合金放置","Sử dụng hợp kim"
"合金强化","Cường hóa hộ kim"
"合金卸下","Gỡ hợp kim"
"购买排位赛次数","Mua lượt Đấu Xếp Hạng"
"购买排位赛冷却时间","Mua CD Đấu Xếp Hạng"
"排位战斗结束","Kết thúc chiến Đấu Xếp Hạng"
"排位赛战斗信息","Thông tin chiến Đấu Xếp Hạng"
"道具增加排位赛次数","Đạo cụ tăng lượt Đấu Xếp Hạng"
"竞技场一键挑战","Khiêu chiến nhanh Đấu Trường"
"领取排位赛积分奖励","Nhận thưởng tích điểm Đấu Xếp Hạng"
"领取排位赛排名奖励","Nhận thưởng hạng Đấu Xếp Hạng"
"排位战斗开始","Bắt đầu chiến đấu xếp hạng"
"获取排位赛录像数据","Nhận dữ liệu quay video Đấu Xếp Hạng"
"竞技场积分商店购买","Mua trong Shop Điểm Đấu Trường"
"获取竞技场积分商店数据","Nhận dữ liệu Shop Điểm Đấu Trường"
"刷新竞技场积分商店","Làm mới Shop Điểm Đấu Trường"
"获取竞技场积分商店刷新数据","Nhận dữ liệu làm mới Shop Đấu Trường"
"竞技场膜拜","Hành lễ Đấu Trường"
"抽卡","Quay thẻ"
"抽装备","Quay t.bị"
"抽合金","Quay hợp kim"
"结束活动","Kết thúc s.kiện"
"活动扫荡","Quét s.kiện"
"打开活动界面","Mở giao diện s.kiện"
"开始活动","Mở sự kiện"
"远征积分商店购买","Mua trong Shop Điểm Viễn Chinh"
"获取远征积分商店数据","Nhận dữ liệu Shop Điểm Viễn Chinh"
"刷新远征积分商店","Làm mới Shop Điểm Viễn Chinh"
"获取远征积分商店刷新数据","Nhận dữ liệu làm mới Shop Điểm Viễn Chinh"
"远征买buff","Viễn Chinh mua buff"
"远征结束","Kết thúc Viễn Chinh"
"远征下一层","Tầng tiếp theo Viễn Chinh"
"远征节点奖励","Thưởng cứ điểm Viễn Chinh"
"远征跳过","Bỏ qua Viễn Chinh"
"准备远征","Chuẩn bị Viễn Chinh"
"一键跳过购买宝箱","Bỏ qua nhanh mua Rương"
"一键跳过购买buff","Bỏ qua nhanh mua buff"
"一键跳过","Bỏ qua nhanh"
"一键跳过结束","Bỏ qua nhanh kết thúc"
"远征开始","Bỏ qua Viễn Chinh"
"领取累积积分奖励","Nhận thưởng tích điểm"
"2048购买挑战次数","2048 mua lượt khiêu chiến"
"2048结束游戏","2048 kết thúc game"
"2048积分成就奖励","2048 thưởng thành tựu tích điểm"
"2048保存游戏","2048 lưu game"
"2048开始游戏","2048 bắt đầu game"
"2048使用锤子","2048 dùng búa"
"打砖块购买挑战次数","Đỡ bóng mua lượt khiêu chiến"
"打砖块结束游戏","Đỡ bóng kết thúc game"
"打砖块积分成就奖励","Đỡ bóng thưởng thành tựu tích điểm"
"打砖块开始游戏","Đỡ bóng bắt đầu game"
"砸金蛋","Đập Trứng Vàng"
"吃掉绿块购买挑战次数","Ăn khối xanh mua lượt khiêu chiến"
"吃掉绿块结束游戏","Ăn khối xanh kết thúc game"
"吃掉绿块积分成就奖励","Ăn khối xanh thưởng thành tựu tích điểm"
"吃到绿块开始游戏","Ăn khối xanh bắt đầu game"
"获取可用的运营活动","Nhận s.kiện vận hành được dùng"
"获取活动奖励","Nhận thưởng sự kiện"
"draw","draw"
"获取战力排行","Nhận xếp hạng chiến lực"
"获取开服活动全目标奖励","Nhận thưởng toàn mục tiêu s.kiện mở sv"
"下100层购买挑战次数","100 tầng mua lượt khiêu chiến"
"下100层结束游戏","100 tầng kết thúc game"
"下100层积分成就奖励","100 tầng thưởng thành tựu tích điểm"
"下100层开始游戏","100 tầng bắt đầu game"
"等级基金购买","Mua quỹ cấp"
"限时宝箱","Rương thời hạn"
"对限时宝箱打开做特殊处理","Mở xử lý đặc biệt với Rương thời hạn"
"限时宝箱 领取积分奖励","Rương thời hạn  Nhận thưởng tích điểm"
"购买排位赛次数","Mua lượt Đấu Xếp Hạng"
"世界boss结束战斗","Chiến đấu kết thúc boss thế giới"
"世界boss开始战斗","Chiến đấu bắt đầu boss thế giới"
"会长将副会长降级为成员","Bang chủ giáng cấp bang phó thành hội viên"
"会长提拔会员为副会长","Bang chủ đề bạt hội viên thành bang phó"
"会长转让","Chuyển nhượng bang chủ"
"公会贡献","Cống hiến bang"
"创建公会","Tạo bang"
"公会解散","Giải tán bang"
"快速加入公会","Gia nhập nhanh bang"
"公会检索","Tìm kiếm bang"
"领取公会副本奖励","Nhận thưởng ưu đãi bang"
"一键领取公会副本奖励","Nhận nhanh thưởng ưu đãi bang"
"结束挑战公会副本","Kết thúc khiêu chiến PB Bang"
"获取全公会副本进度数据","Nhận dữ liệu tiến độ PB Bang"
"挑战公会副本","Khiêu chiến PB Bang"
"领取公会活动奖励","Nhận thưởng s.kiện bang"
"公会修改公告","Sửa thông báo bang"
"申请加入公会","Yêu cầu gia nhập bang"
"会长或副会长批准入会","Bang chủ hoặc bang phó xét duyệt gia nhập"
"取消加入公会","Hủy gia nhập bang"
"公会修改加入等级条件和logo","Sửa logo và điều kiện gia nhập bang"
"会长或副会长拒绝入会","Bang chủ hoặc bang phó từ chối gia nhập"
"会长或副会长拒绝入会","Bang chủ hoặc bang phó từ chối gia nhập"
"公会招募","Kêu gọi gia nhập bang"
"会长或副会长踢人","Bang chủ hoặc bang phó loại bỏ"
"公会列表","Danh sách bang"
"工会扭蛋奖励","Thưởng trứng vàng bang"
"工会扭蛋","Trứng vàng bang"
"玩家退会","User rời bang"
"公会红包个别信息","Thông tin từng lì xì bang"
"获取红包信息","Thông tin nhận lì xì"
"公会抢红包","Tranh lì xì bang"
"公会玩家发红包","User bang phát lì xì"
"公会改名","Sửa tên bang"
"公会发邮件","Gửi thư bang"
"公会积分商店购买","Mua trong shop tích điểm bang"
"获取公会积分商店数据","Nhận dữ liệu Shop tích điểm bang"
"刷新公会积分商店","Làm mới shop tích điểm bang"
"获取公会积分商店刷新数据","Nhận thông tin làm mới Shop tích điểm bang"
"公会雪球游戏奖励","Thưởng game Cầu Tuyết bang"
"公会雪球游戏一键领取奖励","Nhận thưởng nhanh game Cầu Tuyết bang"
"公会训练所社团营地列表","Danh sách nơi huấn luyện Bang"
"公会训练所开启","Mở nơi huấn luyện bang"
"公会训练所训练替换","Thay thế nơi huấn luyện bang"
"公会训练所查看他人营地","Tra doanh địa người khác"
"工会训练所随机加速","Tăng tốc tùy ý nơi huấn luyện bang"
"公会训练所训练放置","Sử dụng nơi huấn luyện"
"加入黑名单","Add black list"
"接受好友请求","Chấp nhận yêu cầu Bạn Bè"
"申请好友请求","Yêu cầu Bạn Bè"
"删除好友","Xóa Bạn Bè"
"好友信息","Thông tin Bạn Bè"
"换一批申请列表","Đổi danh sách yêu cầu"
"领取好友体力","Nhận thể lực Bạn Bè"
"拒绝好友请求","Từ chối yêu cầu Bạn Bè"
"好友列表","Danh sách Bạn Bè"
"赠送好友体力","Tặng thể lực Bạn Bè"
"从黑名单中移除","Xóa trong Black list"
"聊天","Chat"
"神器离开页面","Giao diện rời khỏi thần khí"
"放弃保存神器","Hủy lưu thần khí"
"培养神器","Bồi dưỡng thần khí"
"培养神器十次","Bồi dưỡng thần khí 10 lần"
"打开神器系统","Mở hệ thống thần khí"
"保存神器","Lưu thần khí"
"神器，可以选择的保存","Thần khí, có thể chọn"
"解锁神器","Mở khóa thần khí"
"结束战斗","Kết thúc chiến đấu"
"开始战斗","Bắt đầu chiến đấu"
"创建房间","Tạo phòng"
"部署克隆人上阵卡牌","Bố trí thẻ Người Nhân Bản"
"挑战胜利宝箱","Rương thắng khiêu chiến"
"快速加入房间","Gia nhập nhanh phòng"
"获取克隆人数据","Nhận dữ liệu Người Nhân Bản"
"克隆人挑战邀请","Yêu cầu khiêu chiến Người Nhân Bản"
"快速加入房间","Gia nhập nhanh phòng"
"踢出房间","Loại khỏi phòng"
"退出房间","Thoát khỏi phòng"
"是否快速加入房间","Có muốn vào phòng nhanh"
"王者挑战部署","Bố trí khiêu chiến bá vương"
"王者之战获取对方参赛信息","Chiến bá vương nhận thông tin kẻ địch"
"竞技场战斗开始","Bắt đầu chiến đấu Đầu Trường"
"下注","Đặt cược"
"我的下注","Đặt cược của tôi"
"获取录像数据","Nhận dữ liệu video"
"商店兑换","Đổi trong Shop"
"王者报名","Đăng ký bá vương"
"工会战挑战部署","Bố trí khiêu chiến Bang Chiến"
"工会战主赛场","Trận chính Bang Chiến"
"工会战下注","Đặt cược Bang Chiến"
"工会战我的下注","Được cược Bang Chiến của tôi"
"工会战获取布阵卡牌","Nhận thẻ bày trận Bang Chiến"
"工会战获取录像数据","Nhận dữ liệu video Bang Chiến"
"工会战获取布阵卡牌","Nhận thẻ bày trận Bang Chiến"
"工会战商店兑换","Đổi trong Shop Bang Chiến"
"工会战报名","Đăng ký Bang Chiến"
"工会战昨日战况","Chiến báo hôm qua Bang Chiến"
"跨服王者挑战部署","Bố trí Bá Vương Liên Server"
"跨服王者获取对方参赛信息","Nhận thông tin đối thủ Bá Vương Liên Server"
"跨服王者主赛场","Trận chính Bá Vương Liên Server"
"跨服王者下注","Đặt cược Bá Vương Liên Server"
"跨服王者我的下注","Đặt cược Bá Vương Liên Sv của tôi"
"跨服王者获取录像数据","Nhận dữ liệu video Bá Vương Liên Sv"
"跨服王者获取录像数据","Nhận dữ liệu video Bá Vương Liên Sv"
"跨服王者商店兑换","Đổi trong Shop Bá Vương Liên Sv"
"跨服王者报名","Đăng ký Bá Vương Liên Sv"
"跨服矿战buff喂养","Nuôi dưỡng buff Chiến Mỏ Liên Sv"
"跨服矿战布阵","Bày trận Chiến Mỏ Liên Sv"
"跨服矿战获取对方参赛信息","Nhận thông tin đối thủ Chiến Mỏ Liên Sv"
"跨服矿战进入主界面","Vào giao diện chính Chiến Mỏ Liên Sv"
"跨服矿战获取录像数据","Nhận dữ liệu video Chiến Mỏ Liên Sv"
"跨服矿战获取排行榜","Nhận BXH Chiến Mỏ Liên Sv"
"跨服矿战购买报仇次数","Mua lượt báo thù Chiến Mỏ Liên Sv"
"跨服矿战抢矿","Cướp Mỏ Chiến Mỏ Liên Sv"
"跨服矿战购买抢夺次数","Mua lượt Cướp Chiến Mỏ Liên Sv"
"跨服矿战抢矿","Cướp Mỏ Chiến Mỏ Liên Sv"
"跨服矿战商店购买","Mua trong Shop Chiến Mỏ Liên Sv"
"探索","Thám hiểm"
"挑战boss详情获取","Thám hiểm"
"挑战boss结束","Kết thúc khiêu chiến boss"
"挑战boss列表获取","Nhận danh sách khiêu chiến boss"
"挑战boss开始","Bắt đầu khiêu chiến boss"
"领取好友任务奖励","Nhận thưởng n.vụ Bạn Bè"
"领取额外奖励","Nhận thưởng thêm"
"好友任务协作列表","Danh sách trợ giúp Bạn Bè"
"好友任务邀请","Yêu cầu n.vụ Bạn Bè"
"加入好友任务","Gia nhập n.vụ Bạn Bè"
"好友任务列表","Danh sách n.vụ Bạn Bè"
"怪物挑战结束","Kết thúc khiêu chiến quái"
"怪物挑战开始","Bắt đầu khiêu chiến quái"
"一键探索","Thám hiểm nhanh"
"一键探索结束","Kết thúc thám hiểm nhanh"
"一键探索回答问题","Hỏi đáp thám hiểm nhanh"
"一键探索打开宝箱","Mở Rương thám hiểm nhanh"
"购买探索点","Mua điểm thám hiểm"
"趣味问答","Hỏi đáp"
"随机宝箱","Rương ngẫu nhiên"
"探索商店购买","Mua trong Shop Thám Hiểm"
"获取探索商店数据","Nhận dữ liệu Shop Thám Hiểm"
"探索宝物激活","Kích hoạt thám hiểm bảo vật"
"探索宝物界面关闭","Đóng giao diện thám hiểm bảo vật"
"探索宝物升级","Nâng cấp thám hiểm bảo vật"
"跨服竞技场晋级奖励","Thưởng tấn cấp Đấu Trường Liên Sv"
"跨服竞技场刷新晋级挑战","Làm mới khiêu chiến tấn cấp Đấu Trường Liên Sv"
"跨服竞技场购买挑战次数","Mua lượt khiêu chiến Đấu Trường Liên Sv"
"极限挑战结束战斗","Trận kết thúc khiêu chiến cực hạn"
"跨服竞技场一键挑战","Khiêu chiến nhanh Đấu Trường Liên Sv"
"极限挑战开始战斗","Trận bắt đầu khiêu chiến cực hạn"
"跨服竞技场布阵","Bày trận Đấu Trường Liên Sv"
"跨服竞技场获取对方信息","Nhận thông tin đối thủ Đấu Trường Liên Sv"
"跨服竞技场进入主界面","Vào giao diện chính Đấu Trường Liên Sv"
"跨服竞技场获取录像数据","Nhận dữ liệu video Đấu Trường Liên Sv"
"跨服竞技场积分奖励","Thưởng tích điểm Đấu Trường Liên Sv"
"跨服竞技场获取排行榜","Nhận BXH Đấu Trường Liên Sv"
"跨服竞技场阶段奖励","Thưởng giai đoạn Đấu Trường Liên Sv"
"极限挑战结束战斗","Trận kết thúc khiêu chiến cực hạn"
"极限挑战开始战斗","Trận bắt đầu khiêu chiến cực hạn"
"极限挑战购买buff","Mua buff khiêu chiến cực hạn"
"极限挑战星级奖励","Thưởng cấp sao khiêu chiến cực hạn"
"极限挑战通关奖励","Thưởng vượt ải khiêu chiến cực hạn"

"您希望谁进入这个黑名单？","Ai bạn muốn vào danh sách đen này"
"删除所选","Xóa mục đã chọn"
"刷入服务器","Nhập máy chủ"
"添加黑名单","Thêm một danh sách đen"
"把这个刷进去对你可没什么好处，年轻人！","..."

"GM管理","Quản lý GM"
"GM工具","Công cụ GM"
"基础数据查询","Tra cứu dữ liệu cơ bản"
"区服数据","Dữ liệu khu server"
"踢玩家下线","Kick người chơi xuống line"
"内存数据查看","Xem dữ liệu bộ nhớ"
"数据异常检测","Phát hiện dữ liệu bất thường"
"服务器管理","Quản lý máy chủ"
"大区管理","Quản lý đại khu"
"新区管理","Quản lý server mới"
"合服管理","Quản lý gộp server"
"转区管理","Quản lý chuyển khu"
"内网测试","Kiểm thử nội bộ"
"服务器配置","Cấu hình server"
"运营活动配置","Cấu hình sự kiện vận hành"
"战斗测试","Kiểm thử chiến đấu"
"黑名单","Danh sách đen"
"日志查看","Xem nhật ký"
"发送邮件","Gửi thư"
"玩家活动","Hoạt động người chơi"
"运营活动","Hoạt động vận hành"
"礼包生成","Tạo giftcode"
"聊天监控","Giám sát chat"
"游戏数据","Dữ liệu game"
"数据监控","Giám sát dữ liệu"
"基础查询","Tra cứu cơ bản"
"留存查询","Tra cứu giữ chân"
"充值查询","Tra cứu nạp"
"添加成员","Thêm thành viên"
"添加成员信息","Thông tin thêm thành viên"
"权限等级","Cấp quyền"
"用户名","Tên người dùng"
"该用户已存在","Người dùng đã tồn tại"
"确认密码","Xác nhận mật khẩu"
"你好","Xin chào"
"退出","Thoát"
"语言","Ngôn ngữ"
"账户","Tài khoản"
"累计激活","Tổng kích hoạt"
"累计注册账户","Tổng tài khoản đăng ký"
"累计付费账户","Tổng tài khoản trả phí"
"累计收入","Tổng doanh thu"
"设备","Thiết bị"
"选择服务器","Chọn máy chủ"
"选择渠道","Chọn kênh"

"请选择服务器","Vui lòng chọn máy chủ"
"请选择","Vui lòng chọn"
"请先选择服务器","Vui lòng chọn máy chủ trước"
"请先选择服务器并刷新列表","Vui lòng chọn máy chủ và làm mới danh sách"
"请输入玩家ID","Vui lòng nhập ID người chơi"
"请输入玩家ID列表","Vui lòng nhập danh sách ID người chơi"
"请输入有效的玩家ID","Vui lòng nhập ID người chơi hợp lệ"
"角色ID","ID nhân vật"
"角色名","Tên nhân vật"
"等级","Cấp độ"
"玩家ID/UID","ID người chơi / UID"
"角色ID或UID","ID nhân vật hoặc UID"
"操作","Thao tác"
"在线玩家列表","Danh sách người chơi online"
"刷新列表","Làm mới danh sách"
"暂无在线玩家","Hiện không có người chơi online"
"踢下线","Kick xuống line"
"踢所有在线玩家","Kick toàn bộ người chơi online"
"危险操作，会断开所有玩家连接","Thao tác nguy hiểm, sẽ ngắt kết nối toàn bộ người chơi"
"执行结果","Kết quả thực thi"
"批量踢人（每行一个ID）","Kick hàng loạt (mỗi dòng một ID)"
"批量踢下线","Kick hàng loạt xuống line"
"确定要踢玩家","Bạn có chắc muốn kick người chơi"
"下线吗？","xuống line không?"
"确定要踢","Bạn có chắc muốn kick"
"个玩家下线吗？","người chơi xuống line không?"
"踢人成功","Kick thành công"
"踢人失败","Kick thất bại"
"踢人完成，共踢出","Hoàn tất kick, tổng số đã kick"
"个玩家","người chơi"
"个","mục"
"共","Tổng"
"人在线","người đang online"
"批量踢人完成，请查看结果","Hoàn tất kick hàng loạt, vui lòng xem kết quả"
"再次确认：真的要踢所有玩家吗？","Xác nhận lần nữa: chắc chắn kick toàn bộ người chơi?"
"警告：确定要踢所有在线玩家下线吗？这是危险操作！","Cảnh báo: chắc chắn kick toàn bộ người chơi online? Đây là thao tác nguy hiểm!"
"获取在线列表失败","Lấy danh sách online thất bại"

"内存数据查看器","Trình xem dữ liệu bộ nhớ"
"功能说明","Mô tả chức năng"
"查看在线玩家的内存数据，与数据库数据对比，发现并修复回档问题。","Xem dữ liệu bộ nhớ của người chơi online, đối chiếu với cơ sở dữ liệu để phát hiện và sửa lỗi rollback."
"查询","Tra cứu"
"玩家","Người chơi"
"状态","Trạng thái"
"在线","Online"
"离线","Offline"
"对比数据","So sánh dữ liệu"
"强制保存","Lưu cưỡng chế"
"发现数据差异！","Phát hiện chênh lệch dữ liệu!"
"个字段内存与数据库不一致","trường dữ liệu bộ nhớ và CSDL không khớp"
"立即保存修复","Lưu ngay để sửa"
"内存数据","Dữ liệu bộ nhớ"
"数据库数据","Dữ liệu CSDL"
"差异对比","So sánh chênh lệch"
"数据模块","Module dữ liệu"
"模块详情","Chi tiết module"
"点击左侧模块查看详情","Bấm module bên trái để xem chi tiết"
"点击「对比数据」按钮查看差异","Bấm nút ""So sánh dữ liệu"" để xem chênh lệch"
"无数据","Không có dữ liệu"
"请先查询玩家","Vui lòng tra cứu người chơi trước"
"玩家不在线，无法查看内存数据","Người chơi không online, không thể xem dữ liệu bộ nhớ"
"查询失败","Tra cứu thất bại"
"对比失败","So sánh thất bại"
"保存成功！已保存模块","Lưu thành công! Đã lưu module"
"保存失败","Lưu thất bại"
"内存","Bộ nhớ"
"数据库","Cơ sở dữ liệu"
"内存数据与数据库一致，无差异","Dữ liệu bộ nhớ và CSDL đồng nhất, không có chênh lệch"
"发现","Phát hiện"
"个差异","chênh lệch"
"确定要强制保存玩家数据到数据库吗？","Bạn có chắc muốn lưu cưỡng chế dữ liệu người chơi vào CSDL?"

"数据异常检测","Phát hiện dữ liệu bất thường"
"扫描设置","Thiết lập quét"
"扫描类型","Loại quét"
"全部检测","Quét toàn bộ"
"数值异常","Bất thường chỉ số"
"内存数据库差异","Chênh lệch bộ nhớ - CSDL"
"扫描数量","Số lượng quét"
"开始扫描","Bắt đầu quét"
"清除结果","Xóa kết quả"
"正在扫描...","Đang quét..."
"在线玩家","Người chơi online"
"严重异常","Lỗi nghiêm trọng"
"提示","Gợi ý"
"异常列表","Danh sách bất thường"
"扫描在线玩家数据，自动发现货币负数、数值异常、内存与数据库不一致等问题。","Quét dữ liệu người chơi online để tự động phát hiện âm tiền tệ, chỉ số bất thường, và dữ liệu bộ nhớ/CSDL không nhất quán."
"警告","Cảnh báo"

"账号迁移","Di chuyển tài khoản"
"老账号","Tài khoản cũ"
"新账号","Tài khoản mới"
"新增一行","Thêm một dòng"
"删除","Xóa"
"提交","Gửi"

"IP 地址","Địa chỉ IP"
"服务器 Key","Khóa server"
"服务器Key","Khóa server"
"服务器IP","IP server"
"服务器总数","Tổng số server"
"正常服务器","Server bình thường"
"合服服务器","Server gộp"
"已合服","Đã gộp server"
"端口数","Số lượng cổng"
"全部","Tất cả"
"全部大区","Tất cả đại khu"
"加载","Tải"
"加载中...","Đang tải..."
"加载失败","Tải thất bại"
"请求失败","Yêu cầu thất bại"
"没有符合条件的服务器","Không có server phù hợp"
"未找到服务器","Không tìm thấy server"
"编辑","Chỉnh sửa"
"编辑服务器配置","Chỉnh sửa cấu hình server"
"添加服务器","Thêm server"
"添加新服务器","Thêm server mới"
"添加","Thêm"
"添加失败","Thêm thất bại"
"保存","Lưu"
"删除成功","Xóa thành công"
"删除失败","Xóa thất bại"
"确定要删除服务器","Bạn có chắc muốn xóa server"
"吗？此操作不可恢复。","không? thao tác này không thể hoàn tác."
"请填写完整的 IP 和端口","Vui lòng nhập đầy đủ IP và cổng"
"请填写所有必填字段","Vui lòng nhập đầy đủ các trường bắt buộc"
"配置文件路径","Đường dẫn tệp cấu hình"
"请输入配置文件路径","Vui lòng nhập đường dẫn tệp cấu hình"
"请先加载配置文件","Vui lòng tải cấu hình trước"
"正常","Bình thường"
"开服时间","Thời gian mở server"
"端口","Cổng"
"来源","Nguồn"
"服务器显示ID","ID hiển thị server"
"显示ID","ID hiển thị"

"Game服务端口","Cổng dịch vụ Game"
"MongoDB连接","Kết nối MongoDB"
"NSQ地址","Địa chỉ NSQ"
"NSQ Lookup地址","Địa chỉ NSQ Lookup"
"Supervisor目录","Thư mục Supervisor"
"Supervisor INI 部署路径","Đường dẫn triển khai INI Supervisor"
"使用 {dbname} 作为数据库名占位符","Dùng {dbname} làm biến tên cơ sở dữ liệu"
"根据参数自动生成服务器启动所需的配置文件","Tự động tạo tệp cấu hình khởi động server từ tham số"
"新区配置文件生成","Tạo cấu hình server mới"
"基础参数","Tham số cơ bản"
"生成配置","Tạo cấu hình"
"生成的配置文件","Tệp cấu hình đã tạo"
"包含 3 个 ini 文件","Bao gồm 3 tệp ini"
"部署到服务器","Triển khai lên server"
"下载全部配置","Tải toàn bộ cấu hình"
"服务器配置管理","Quản lý cấu hình server"
"查看、编辑、删除服务器配置文件","Xem, sửa, xóa tệp cấu hình server"
"配置目录","Thư mục cấu hình"
"配置管理","Quản lý cấu hình"
"配置生成","Tạo cấu hình"
"请先加载配置","Vui lòng tải cấu hình trước"
"编辑配置","Sửa cấu hình"
"取消","Hủy"
"格式：game.区域.编号","Định dạng: game.khu.so"
"部署路径","Đường dẫn triển khai"
"配置部署路径","Đường dẫn triển khai cấu hình"
"配置部署成功！","Triển khai cấu hình thành công!"
"部署失败","Triển khai thất bại"
"已成功部署","Đã triển khai thành công"
"已部署文件","Tệp đã triển khai"
"已复制到剪贴板","Đã sao chép vào clipboard"

"CSV配置无法删除","Không thể xóa cấu hình CSV"
"JSON格式错误","Sai định dạng JSON"
"MongoDB 配置","Cấu hình MongoDB"
"MongoDB 连接配置","Cấu hình kết nối MongoDB"
"MongoDB连接配置正确","Cấu hình kết nối MongoDB hợp lệ"
"MongoDB配置JSON格式错误","JSON cấu hình MongoDB không hợp lệ"
"Supervisor INI 路径","Đường dẫn INI Supervisor"
"game_defines.py, json 配置部署目录","Thư mục triển khai game_defines.py và cấu hình json"
"supervisor ini 文件部署目录","Thư mục triển khai tệp supervisor ini"
"使用 {dbname} 作为数据库名占位符，会自动替换","Dùng {dbname} làm biến tên CSDL, hệ thống sẽ tự thay thế"
"合服管理","Quản lý gộp server"
"合服配置","Cấu hình gộp server"
"合服目标","Mục tiêu gộp server"
"源服务器","Server nguồn"
"源服务器列表","Danh sách server nguồn"
"分号分隔","Phân tách bằng dấu chấm phẩy"
"是否已实际合服","Đã gộp thật trên server chưa"
"是","Có"
"否","Không"
"是 - 已合服","Có - đã gộp"
"否 - 仅配置","Không - chỉ cấu hình"
"可选，合服执行时也可配置","Tùy chọn, có thể cấu hình khi chạy gộp server"
"格式：mongodb://用户名:密码@地址:端口/数据库名","Định dạng: mongodb://user:pass@host:port/dbname"
"目标库连接","Kết nối DB đích"
"源库连接","Kết nối DB nguồn"
"每行一个源服务器的MongoDB连接，顺序对应源服务器列表","Mỗi dòng một kết nối MongoDB server nguồn, theo đúng thứ tự danh sách server nguồn"
"测试连接","Kiểm tra kết nối"
"连接测试成功！所有数据库连接正常。","Kiểm tra kết nối thành công! Tất cả DB đều bình thường."
"连接测试失败","Kiểm tra kết nối thất bại"
"开始合服","Bắt đầu gộp server"
"停止合服","Dừng gộp server"
"合服进度","Tiến độ gộp server"
"步骤1","Bước 1"
"步骤2","Bước 2"
"步骤3","Bước 3"
"步骤4","Bước 4"
"步骤5","Bước 5"
"步骤6","Bước 6"
"步骤7","Bước 7"
"备份源数据库","Sao lưu DB nguồn"
"清空目标数据库","Xóa sạch DB đích"
"恢复数据到目标库","Khôi phục dữ liệu vào DB đích"
"修改角色数据","Cập nhật dữ liệu nhân vật"
"修改公会数据","Cập nhật dữ liệu công hội"
"重建全局数据","Xây dựng lại dữ liệu toàn cục"
"执行日志","Nhật ký thực thi"
"合服历史记录","Lịch sử gộp server"
"任务ID","ID tác vụ"
"状态","Trạng thái"
"耗时","Thời gian xử lý"
"暂无记录","Chưa có bản ghi"
"刷新","Làm mới"
"加载历史记录失败","Tải lịch sử thất bại"
"进行中","Đang chạy"
"完成","Hoàn tất"
"失败","Thất bại"
"已停止","Đã dừng"
"合服是不可逆操作，执行前请确保：","Gộp server là thao tác không thể hoàn tác, trước khi thực hiện hãy đảm bảo:"
"已停止所有相关服务器","Đã dừng toàn bộ server liên quan"
"已备份所有数据库","Đã sao lưu toàn bộ cơ sở dữ liệu"
"选择的合服配置正确","Cấu hình gộp đã chọn là chính xác"
"数据库配置","Cấu hình cơ sở dữ liệu"
"警告：合服是不可逆操作！确定要开始合服吗？","Cảnh báo: gộp server là thao tác không thể hoàn tác! Bạn chắc chắn muốn bắt đầu?"
"再次确认：已停止所有相关服务器并备份数据？","Xác nhận lần nữa: đã dừng server liên quan và sao lưu dữ liệu chưa?"
"合服任务已启动，任务ID: ","Tác vụ gộp đã khởi động, ID tác vụ: "
"日志文件: ","Tệp nhật ký: "
"启动合服失败","Khởi động gộp server thất bại"
"合服完成！","Gộp server hoàn tất!"
"合服完成！耗时: ","Gộp server hoàn tất! Thời gian: "
"合服失败: ","Gộp server thất bại: "
"任务已被停止","Tác vụ đã bị dừng"
"合服失败: ","Gộp server thất bại: "
"没有正在运行的任务","Không có tác vụ nào đang chạy"
"确定要停止当前合服任务吗？这可能导致数据不一致！","Bạn có chắc muốn dừng tác vụ gộp hiện tại? Việc này có thể gây lệch dữ liệu!"
"已发送停止信号，请等待任务结束","Đã gửi tín hiệu dừng, vui lòng chờ tác vụ kết thúc"
"停止失败","Dừng thất bại"
"合服前检查","Kiểm tra trước khi gộp"
"选择要检查的合服","Chọn cấu hình gộp để kiểm tra"
"开始检查","Bắt đầu kiểm tra"
"正在检查中...","Đang kiểm tra..."
"检查结果","Kết quả kiểm tra"
"检查失败","Kiểm tra thất bại"
"玩家统计","Thống kê người chơi"
"玩家数","Số người chơi"
"活跃玩家(30天)","Người chơi hoạt động (30 ngày)"
"重名检查","Kiểm tra trùng tên"
"个重名玩家，合服后会自动加后缀","người chơi trùng tên, sau khi gộp sẽ tự thêm hậu tố"
"未发现重名玩家","Không phát hiện người chơi trùng tên"
"公会统计","Thống kê công hội"
"总公会数","Tổng số công hội"
"重名公会","Công hội trùng tên"
"合服配置详情","Chi tiết cấu hình gộp server"
"选择合服目标","Chọn mục tiêu gộp server"
"请选择合服目标","Vui lòng chọn mục tiêu gộp server"
"未找到配置","Không tìm thấy cấu hình"
"请先选择合服目标","Vui lòng chọn mục tiêu gộp server trước"
"请先点击「生成配置」","Vui lòng bấm ""Tạo cấu hình"" trước"
"配置部署路径","Đường dẫn triển khai cấu hình"
"Supervisor INI 路径","Đường dẫn INI Supervisor"
"确定要将配置部署到服务器吗？","Bạn có chắc muốn triển khai cấu hình lên server?"
"部署到服务器","Triển khai lên server"
"下载全部配置","Tải toàn bộ cấu hình"
"复制当前配置","Sao chép cấu hình hiện tại"
"选择合服目标后将自动加载保存的配置","Sau khi chọn mục tiêu gộp, hệ thống sẽ tự tải cấu hình đã lưu"
"已加载保存的配置","Đã tải cấu hình đã lưu"
"未保存配置，请手动输入","Chưa có cấu hình lưu, vui lòng nhập tay"
"加载配置失败","Tải cấu hình thất bại"
"保存成功","Lưu thành công"
"请填写完整配置（ID、目标服务器、源服务器列表必填）","Vui lòng nhập đầy đủ cấu hình (ID, server đích, danh sách server nguồn là bắt buộc)"
"确定要删除此配置吗？","Bạn có chắc muốn xóa cấu hình này?"
"请输入MongoDB配置","Vui lòng nhập cấu hình MongoDB"
"选择合服配置","Chọn cấu hình gộp server"
"当前合服配置 (merge.csv)","Cấu hình gộp hiện tại (merge.csv)"
"暂无配置","Chưa có cấu hình"
"来源","Nguồn"
"已配置","Đã cấu hình"
"未配置","Chưa cấu hình"
"CSV配置无法删除","Không thể xóa cấu hình CSV"
"添加合服配置","Thêm cấu hình gộp server"
"基本信息","Thông tin cơ bản"
"目标服务器","Server đích"
"配置生成","Tạo cấu hình"
"合服配置文件生成","Tạo tệp cấu hình gộp server"
"根据合服配置自动生成服务器启动所需的配置文件","Tự động tạo tệp cấu hình khởi động server dựa trên cấu hình gộp"
"包含 3 个 ini 文件：gamemerge、pvpmerge、storagemerge","Bao gồm 3 tệp ini: gamemerge, pvpmerge, storagemerge"

"刷新配表","Làm mới bảng cấu hình"
"执行脚本","Chạy script"
"生成机器人","Tạo bot"
"计算卡牌属性","Tính chỉ số thẻ"
"导出数据","Xuất dữ liệu"
"导入数据","Nhập dữ liệu"
"跨服匹配","Ghép liên server"
"角色UID","UID nhân vật"
"计算","Tính"

"LTV","LTV"
"示例","Ví dụ"
"等","v.v."
"下线吗？","xuống line không?"
"个玩家下线吗？","người chơi xuống line không?"
"刷新配置","Làm mới cấu hình"
"加载配置","Tải cấu hình"
"合服记录","Bản ghi gộp server"
"处理竞技场数据","Xử lý dữ liệu đấu trường"
"失败详情","Chi tiết lỗi"
"执行合服","Thực thi gộp server"
"格式: game.{area}.{num} 或 gamemerge.{area}.{num}","Định dạng: game.{area}.{num} hoặc gamemerge.{area}.{num}"
"点击刷新加载历史记录","Bấm làm mới để tải lịch sử"
"请选择要检查的合服配置","Vui lòng chọn cấu hình gộp cần kiểm tra"
"yyhuodong.csv","yyhuodong.csv"
"世界","Thế giới"
"世界聊天","Chat thế giới"
"你将要发送以下邮件内容，请检查确认:","Bạn sắp gửi nội dung thư sau, vui lòng kiểm tra xác nhận:"
"保存yyhuodong.csv为全服配置","Lưu yyhuodong.csv làm cấu hình toàn server"
"保存yyhuodong.csv配置","Lưu cấu hình yyhuodong.csv"
"保存当前公告配置","Lưu cấu hình thông báo hiện tại"
"公会","Công hội"
"公会聊天","Chat công hội"
"开服天数","Số ngày mở server"
"必须要选择一个server","Bắt buộc phải chọn một server"
"收藏排行榜","BXH sưu tầm"
"数据管理平台","Nền tảng quản lý dữ liệu"
"未知","Không xác định"
"检查发送","Kiểm tra gửi"
"消费数据统计","Thống kê dữ liệu tiêu hao"
"玩家详细信息","Thông tin chi tiết người chơi"
"生成礼包","Tạo gói quà"
"确认生成","Xác nhận tạo"
"私聊","Chat riêng"
"等级分布","Phân bố cấp độ"
"累计新增","Tăng mới lũy kế"
"结束时间","Thời gian kết thúc"
"聊天类型","Loại chat"
"获取公告配置","Lấy cấu hình thông báo"
"角色ID、名字、渠道ID","ID nhân vật, tên, ID kênh"
"角色维度","Chiều dữ liệu nhân vật"
"详细","Chi tiết"
"请输入密码","Vui lòng nhập mật khẩu"
"请输入账号","Vui lòng nhập tài khoản"
"账户维度","Chiều dữ liệu tài khoản"
"跨服","Liên server"
"跨服聊天","Chat liên server"
"邮件发件人","Người gửi thư"
"可多选，默认为空则为全服","Có thể chọn nhiều; để trống mặc định là toàn server"
"合服后显示的区服ID","ID khu server hiển thị sau khi gộp"
"如 game.cn.1;game.cn.2;game.cn.3","Ví dụ: game.cn.1;game.cn.2;game.cn.3"
"如 gamemerge.cn.1","Ví dụ: gamemerge.cn.1"
"搜索服务器 key...","Tìm khóa server..."
"无","Không"
"查询工会","Tra cứu công hội"
"每行一个角色ID或UID","Mỗi dòng một ID nhân vật hoặc UID"
"活动列表","Danh sách hoạt động"
"消耗","Tiêu hao"
"获得","Nhận được"
"配置ID，如 101","ID cấu hình, ví dụ: 101"
"运营活动配置","Cấu hình hoạt động vận hành"
"活动图标","Biểu tượng hoạt động"
"活动按钮角标","Huy hiệu góc nút hoạt động"
"是否独立icon","Dùng icon độc lập"
"活动分类","Phân loại hoạt động"
"名称","Tên hoạt động"
"活动简介","Mô tả ngắn hoạt động"
"activityDesc活动右侧的说明","Mô tả panel bên phải hoạt động"
"活动右侧的说明","Mô tả bên phải hoạt động"
"活动右边子面板标题图","Ảnh tiêu đề panel bên phải"
"活动开放日期简介","Mô tả thời gian mở hoạt động"
"显示类型","Kiểu hiển thị"
"客户端参数","Tham số phía client"
"空白","Để trống"
"活动版本ID","ID phiên bản hoạt động"
"计数类型","Kiểu đếm"
"开放周期","Chu kỳ mở"
"开启类型","Kiểu mở"
"持续小时","Thời lượng (giờ)"
"持续的相对天数","Số ngày tương đối kéo dài"
"最低等级限制","Giới hạn cấp tối thiểu"
"最低VIP限制","Giới hạn VIP tối thiểu"
"生效的开服时间区间","Khoảng ngày mở server có hiệu lực"
"开服时间限制","Giới hạn theo ngày mở server"
"创角时间限制","Giới hạn theo ngày tạo nhân vật"
"服务器","Server"
"语言区域","Khu vực ngôn ngữ"
"是否激活","Kích hoạt"
"排序值","Trọng số sắp xếp"
"提示性红点","Chấm đỏ nhắc nhở"
"请先获取当前公告，再进行修改。","Vui lòng lấy thông báo hiện tại trước khi chỉnh sửa."
"yyhuodong.csv未修改","yyhuodong.csv chưa có thay đổi"
"yyhuodong.csv保存成功","Lưu yyhuodong.csv thành công"
"成功","Thành công"
"请先查询","Vui lòng truy vấn trước"